Fecha,Hora (UTC),HR
01/07/2022,00:00,75.9
01/07/2022,01:00,86.1
01/07/2022,02:00,78.3
01/07/2022,03:00,79
01/07/2022,04:00,74
01/07/2022,05:00,75.9
01/07/2022,06:00,79
01/07/2022,07:00,78.9
01/07/2022,08:00,81.9
01/07/2022,09:00,83
01/07/2022,10:00,64
01/07/2022,11:00,56
01/07/2022,12:00,89
01/07/2022,13:00,93
01/07/2022,14:00,94
01/07/2022,15:00,96
01/07/2022,16:00,93
01/07/2022,17:00,89
01/07/2022,18:00,91
01/07/2022,19:00,83
01/07/2022,20:00,79
01/07/2022,21:00,66
01/07/2022,22:00,76
01/07/2022,23:00,82
02/07/2022,00:00,86
02/07/2022,01:00,90.2
02/07/2022,02:00,94.5
02/07/2022,03:00,96
02/07/2022,04:00,96.3
02/07/2022,05:00,96.9
02/07/2022,06:00,97
02/07/2022,07:00,97.4
02/07/2022,08:00,97.7
02/07/2022,09:00,98
02/07/2022,10:00,98
02/07/2022,11:00,98
02/07/2022,12:00,98
02/07/2022,13:00,98
02/07/2022,14:00,98
02/07/2022,15:00,77
02/07/2022,16:00,68
02/07/2022,17:00,59
02/07/2022,18:00,48
02/07/2022,19:00,47
02/07/2022,20:00,49
02/07/2022,21:00,56
02/07/2022,22:00,65
02/07/2022,23:00,74
03/07/2022,00:00,87
03/07/2022,01:00,93.7
03/07/2022,02:00,94.8
03/07/2022,03:00,95
03/07/2022,04:00,96.2
03/07/2022,05:00,96.9
03/07/2022,06:00,97
03/07/2022,07:00,97.3
03/07/2022,08:00,97.4
03/07/2022,09:00,97
03/07/2022,10:00,98
03/07/2022,11:00,98
03/07/2022,12:00,97
03/07/2022,13:00,98
03/07/2022,14:00,97
03/07/2022,15:00,97
03/07/2022,16:00,90
03/07/2022,17:00,86
03/07/2022,18:00,79
03/07/2022,19:00,79
03/07/2022,20:00,80
03/07/2022,21:00,80
03/07/2022,22:00,85
03/07/2022,23:00,89
04/07/2022,00:00,92
04/07/2022,01:00,93.5
04/07/2022,02:00,93.5
04/07/2022,03:00,94
04/07/2022,04:00,95.2
04/07/2022,05:00,95.2
04/07/2022,06:00,96
04/07/2022,07:00,96.1
04/07/2022,08:00,96.5
04/07/2022,09:00,97
04/07/2022,10:00,97
04/07/2022,11:00,97
04/07/2022,12:00,98
04/07/2022,13:00,98
04/07/2022,14:00,98
04/07/2022,15:00,74
04/07/2022,16:00,53
04/07/2022,17:00,48
04/07/2022,18:00,41
04/07/2022,19:00,41
04/07/2022,20:00,36
04/07/2022,21:00,40
04/07/2022,22:00,53
04/07/2022,23:00,59
05/07/2022,00:00,81
05/07/2022,01:00,91.4
05/07/2022,02:00,92.9
05/07/2022,03:00,94
05/07/2022,04:00,95.4
05/07/2022,05:00,95.6
05/07/2022,06:00,95
05/07/2022,07:00,96.1
05/07/2022,08:00,96.3
05/07/2022,09:00,97
05/07/2022,10:00,97
05/07/2022,11:00,97
05/07/2022,12:00,97
05/07/2022,13:00,98
05/07/2022,14:00,85
05/07/2022,15:00,64
05/07/2022,16:00,57
05/07/2022,17:00,50
05/07/2022,18:00,41
05/07/2022,19:00,38
05/07/2022,20:00,37
05/07/2022,21:00,49
05/07/2022,22:00,61
05/07/2022,23:00,73
06/07/2022,00:00,78
06/07/2022,01:00,88
06/07/2022,02:00,90.6
06/07/2022,03:00,93
06/07/2022,04:00,94
06/07/2022,05:00,94.8
06/07/2022,06:00,96
06/07/2022,07:00,96.4
06/07/2022,08:00,96.6
06/07/2022,09:00,97
06/07/2022,10:00,97
06/07/2022,11:00,97
06/07/2022,12:00,97
06/07/2022,13:00,92
06/07/2022,14:00,89
06/07/2022,15:00,80
06/07/2022,16:00,74
06/07/2022,17:00,87
06/07/2022,18:00,90
06/07/2022,19:00,80
06/07/2022,20:00,78
06/07/2022,21:00,81
06/07/2022,22:00,84
06/07/2022,23:00,87
07/07/2022,00:00,88
07/07/2022,01:00,94.7
07/07/2022,02:00,95.9
07/07/2022,03:00,96
07/07/2022,04:00,97.1
07/07/2022,05:00,97.3
07/07/2022,06:00,97
07/07/2022,07:00,97.6
07/07/2022,08:00,97.6
07/07/2022,09:00,98
07/07/2022,10:00,98
07/07/2022,11:00,98
07/07/2022,12:00,98
07/07/2022,13:00,98
07/07/2022,14:00,98
07/07/2022,15:00,77
07/07/2022,16:00,69
07/07/2022,17:00,60
07/07/2022,18:00,53
07/07/2022,19:00,48
07/07/2022,20:00,48
07/07/2022,21:00,53
07/07/2022,22:00,75
07/07/2022,23:00,84
08/07/2022,00:00,91
08/07/2022,01:00,93.3
08/07/2022,02:00,95
08/07/2022,03:00,96
08/07/2022,04:00,96.8
08/07/2022,05:00,97.1
08/07/2022,06:00,97
08/07/2022,07:00,97.2
08/07/2022,08:00,94.1
08/07/2022,09:00,88
08/07/2022,10:00,89.3
08/07/2022,11:00,89
08/07/2022,12:00,94
08/07/2022,13:00,94
08/07/2022,14:00,81
08/07/2022,15:00,71
08/07/2022,16:00,60
08/07/2022,17:00,59
08/07/2022,18:00,64
08/07/2022,19:00,67
08/07/2022,20:00,70
08/07/2022,21:00,78
08/07/2022,22:00,85
08/07/2022,23:00,88
09/07/2022,00:00,90
09/07/2022,01:00,89.1
09/07/2022,02:00,86.8
09/07/2022,03:00,87
09/07/2022,04:00,85.7
09/07/2022,05:00,86.3
09/07/2022,06:00,86
09/07/2022,07:00,87.5
09/07/2022,08:00,89
09/07/2022,09:00,91
09/07/2022,10:00,90
09/07/2022,11:00,86
09/07/2022,12:00,84
09/07/2022,13:00,87
09/07/2022,14:00,72
09/07/2022,15:00,65
09/07/2022,16:00,67
09/07/2022,17:00,69
09/07/2022,18:00,79
09/07/2022,19:00,89
09/07/2022,20:00,89
09/07/2022,21:00,72
09/07/2022,22:00,85
09/07/2022,23:00,93
10/07/2022,00:00,95
10/07/2022,01:00,95.8
10/07/2022,02:00,95.1
10/07/2022,03:00,95
10/07/2022,04:00,92.6
10/07/2022,05:00,94.1
10/07/2022,06:00,95
10/07/2022,07:00,96.7
10/07/2022,08:00,96.5
10/07/2022,09:00,97
10/07/2022,10:00,97
10/07/2022,11:00,97
10/07/2022,12:00,97
10/07/2022,13:00,97
10/07/2022,14:00,96
10/07/2022,15:00,85
10/07/2022,16:00,80
10/07/2022,17:00,80
10/07/2022,18:00,88
10/07/2022,19:00,91
10/07/2022,20:00,91
10/07/2022,21:00,95
10/07/2022,22:00,94
10/07/2022,23:00,93
11/07/2022,00:00,93
11/07/2022,01:00,94.8
11/07/2022,02:00,95.7
11/07/2022,03:00,96
11/07/2022,04:00,97
11/07/2022,05:00,96.9
11/07/2022,06:00,97
11/07/2022,07:00,97.6
11/07/2022,08:00,97.7
11/07/2022,09:00,98
11/07/2022,10:00,98
11/07/2022,11:00,98
11/07/2022,12:00,98
11/07/2022,13:00,98
11/07/2022,14:00,98
11/07/2022,15:00,97
11/07/2022,16:00,87
11/07/2022,17:00,74
11/07/2022,18:00,70
11/07/2022,19:00,60
11/07/2022,20:00,58
11/07/2022,21:00,61
11/07/2022,22:00,72
11/07/2022,23:00,88
12/07/2022,00:00,93
12/07/2022,01:00,95
12/07/2022,02:00,96.2
12/07/2022,03:00,97
12/07/2022,04:00,97.3
12/07/2022,05:00,97.4
12/07/2022,06:00,98
12/07/2022,07:00,97.9
12/07/2022,08:00,97.9
12/07/2022,09:00,97.8
12/07/2022,10:00,98
12/07/2022,11:00,98
12/07/2022,12:00,98
12/07/2022,13:00,98
12/07/2022,14:00,94
12/07/2022,15:00,73
12/07/2022,16:00,59
12/07/2022,17:00,52
12/07/2022,18:00,46
12/07/2022,19:00,40
12/07/2022,20:00,37
12/07/2022,21:00,41
12/07/2022,22:00,58
12/07/2022,23:00,78
13/07/2022,00:00,85
13/07/2022,01:00,92.8
13/07/2022,02:00,94.7
13/07/2022,03:00,95
13/07/2022,04:00,96.2
13/07/2022,05:00,96.2
13/07/2022,06:00,97
13/07/2022,07:00,97.1
13/07/2022,08:00,97.3
13/07/2022,09:00,98
13/07/2022,10:00,98
13/07/2022,11:00,98
13/07/2022,12:00,98
13/07/2022,13:00,98
13/07/2022,14:00,98
13/07/2022,15:00,73
13/07/2022,16:00,63
13/07/2022,17:00,61
13/07/2022,18:00,67
13/07/2022,19:00,68
13/07/2022,20:00,71
13/07/2022,21:00,73
13/07/2022,22:00,74
13/07/2022,23:00,75
14/07/2022,00:00,75
14/07/2022,01:00,83
14/07/2022,02:00,89.5
14/07/2022,03:00,93
14/07/2022,04:00,94.6
14/07/2022,05:00,95.2
14/07/2022,06:00,95
14/07/2022,07:00,92.8
14/07/2022,08:00,94
14/07/2022,09:00,94
14/07/2022,10:00,94
14/07/2022,11:00,95
14/07/2022,12:00,95
14/07/2022,13:00,96
14/07/2022,14:00,96
14/07/2022,15:00,91
14/07/2022,16:00,79
14/07/2022,17:00,65
14/07/2022,18:00,64
14/07/2022,19:00,59
14/07/2022,20:00,53
14/07/2022,21:00,75
14/07/2022,22:00,81
14/07/2022,23:00,86
15/07/2022,00:00,88
15/07/2022,01:00,86.7
15/07/2022,02:00,87.5
15/07/2022,03:00,90
15/07/2022,04:00,93.6
15/07/2022,05:00,94.8
15/07/2022,06:00,96
15/07/2022,07:00,96.5
15/07/2022,08:00,96.6
15/07/2022,09:00,97
15/07/2022,10:00,97
15/07/2022,11:00,96
15/07/2022,12:00,96
15/07/2022,13:00,96
15/07/2022,14:00,92
15/07/2022,15:00,88
15/07/2022,16:00,81
15/07/2022,17:00,73
15/07/2022,18:00,69
15/07/2022,19:00,74
15/07/2022,20:00,66
15/07/2022,21:00,62
15/07/2022,22:00,65
15/07/2022,23:00,68
16/07/2022,00:00,68
16/07/2022,01:00,68.5
16/07/2022,02:00,83.6
16/07/2022,03:00,86
16/07/2022,04:00,89.9
16/07/2022,05:00,88.3
16/07/2022,06:00,92
16/07/2022,07:00,94.8
16/07/2022,08:00,94.7
16/07/2022,09:00,95
16/07/2022,10:00,96
16/07/2022,11:00,96
16/07/2022,12:00,96
16/07/2022,13:00,97
16/07/2022,14:00,90
16/07/2022,15:00,74
16/07/2022,16:00,65
16/07/2022,17:00,54
16/07/2022,18:00,49
16/07/2022,19:00,45
16/07/2022,20:00,51
16/07/2022,21:00,50
16/07/2022,22:00,59
16/07/2022,23:00,80
17/07/2022,00:00,86
17/07/2022,01:00,92.3
17/07/2022,02:00,94.2
17/07/2022,03:00,95
17/07/2022,04:00,94.9
17/07/2022,05:00,95.2
17/07/2022,06:00,94
17/07/2022,07:00,90.9
17/07/2022,08:00,90.8
17/07/2022,09:00,91
17/07/2022,10:00,93
17/07/2022,11:00,94
17/07/2022,12:00,95
17/07/2022,13:00,90
17/07/2022,14:00,85
17/07/2022,15:00,72
17/07/2022,16:00,71
17/07/2022,17:00,60
17/07/2022,18:00,55
17/07/2022,19:00,52
17/07/2022,20:00,60
17/07/2022,21:00,60
17/07/2022,22:00,70
17/07/2022,23:00,66
18/07/2022,00:00,79
18/07/2022,01:00,83.1
18/07/2022,02:00,86.1
18/07/2022,03:00,88
18/07/2022,04:00,87.8
18/07/2022,05:00,87.9
18/07/2022,06:00,91
18/07/2022,07:00,93.5
18/07/2022,08:00,95
18/07/2022,09:00,96
18/07/2022,10:00,96
18/07/2022,11:00,96
18/07/2022,12:00,96
18/07/2022,13:00,96
18/07/2022,14:00,81
18/07/2022,15:00,61
18/07/2022,16:00,46
18/07/2022,17:00,37
18/07/2022,18:00,31
18/07/2022,19:00,27
18/07/2022,20:00,26
18/07/2022,21:00,27
18/07/2022,22:00,45
18/07/2022,23:00,63
19/07/2022,00:00,74
19/07/2022,01:00,84.5
19/07/2022,02:00,90
19/07/2022,03:00,92
19/07/2022,04:00,92.9
19/07/2022,05:00,94.6
19/07/2022,06:00,95
19/07/2022,07:00,95.4
19/07/2022,08:00,95.4
19/07/2022,09:00,95
19/07/2022,10:00,96
19/07/2022,11:00,96
19/07/2022,12:00,97
19/07/2022,13:00,97
19/07/2022,14:00,77
19/07/2022,15:00,49
19/07/2022,16:00,39
19/07/2022,17:00,32
19/07/2022,18:00,27
19/07/2022,19:00,24
19/07/2022,20:00,27
19/07/2022,21:00,34
19/07/2022,22:00,49
19/07/2022,23:00,73
20/07/2022,00:00,82
20/07/2022,01:00,86.5
20/07/2022,02:00,87.1
20/07/2022,03:00,89
20/07/2022,04:00,92.7
20/07/2022,05:00,92.9
20/07/2022,06:00,93
20/07/2022,07:00,94
20/07/2022,08:00,95.7
20/07/2022,09:00,96
20/07/2022,10:00,96.4
20/07/2022,11:00,97
20/07/2022,12:00,97
20/07/2022,13:00,98
20/07/2022,14:00,73
20/07/2022,15:00,49
20/07/2022,16:00,38
20/07/2022,17:00,33
20/07/2022,18:00,37
20/07/2022,19:00,36
20/07/2022,20:00,47
20/07/2022,21:00,58
20/07/2022,22:00,61
20/07/2022,23:00,76
21/07/2022,00:00,83
21/07/2022,01:00,89.1
21/07/2022,02:00,91.5
21/07/2022,03:00,93
21/07/2022,04:00,94
21/07/2022,05:00,95.2
21/07/2022,06:00,96
21/07/2022,07:00,96
21/07/2022,08:00,96.7
21/07/2022,09:00,97
21/07/2022,10:00,97
21/07/2022,11:00,97
21/07/2022,12:00,97
21/07/2022,13:00,97
21/07/2022,14:00,78
21/07/2022,15:00,65
21/07/2022,16:00,52
21/07/2022,17:00,44
21/07/2022,18:00,41
21/07/2022,19:00,38
21/07/2022,20:00,31
21/07/2022,21:00,38
21/07/2022,22:00,51
21/07/2022,23:00,65
22/07/2022,00:00,80
22/07/2022,01:00,85.8
22/07/2022,02:00,85.9
22/07/2022,03:00,86
22/07/2022,04:00,90
22/07/2022,05:00,92
22/07/2022,06:00,92
22/07/2022,07:00,94.1
22/07/2022,08:00,94.5
22/07/2022,09:00,94
22/07/2022,10:00,94
22/07/2022,11:00,95
22/07/2022,12:00,96
22/07/2022,13:00,97
22/07/2022,14:00,61
22/07/2022,15:00,54
22/07/2022,16:00,41
22/07/2022,17:00,37
22/07/2022,18:00,33
22/07/2022,19:00,31
22/07/2022,20:00,32
22/07/2022,21:00,34
22/07/2022,22:00,47
22/07/2022,23:00,60
23/07/2022,00:00,71
23/07/2022,01:00,72.5
23/07/2022,02:00,79.1
23/07/2022,03:00,83
23/07/2022,04:00,90.1
23/07/2022,05:00,93
23/07/2022,06:00,93
23/07/2022,07:00,93.6
23/07/2022,08:00,95.5
23/07/2022,09:00,96
23/07/2022,10:00,96
23/07/2022,11:00,97
23/07/2022,12:00,97
23/07/2022,13:00,98
23/07/2022,14:00,78
23/07/2022,15:00,63
23/07/2022,16:00,59
23/07/2022,17:00,50
23/07/2022,18:00,44
23/07/2022,19:00,39
23/07/2022,20:00,39
23/07/2022,21:00,54
23/07/2022,22:00,65
23/07/2022,23:00,78
24/07/2022,00:00,86
24/07/2022,01:00,94.2
24/07/2022,02:00,95.4
24/07/2022,03:00,96
24/07/2022,04:00,96.9
24/07/2022,05:00,97
24/07/2022,06:00,97.5
24/07/2022,07:00,97.4
24/07/2022,08:00,97.5
24/07/2022,09:00,98
24/07/2022,10:00,98
24/07/2022,11:00,98
24/07/2022,12:00,98
24/07/2022,13:00,98
24/07/2022,14:00,98
24/07/2022,15:00,98
24/07/2022,16:00,92
24/07/2022,17:00,72
24/07/2022,18:00,67
24/07/2022,19:00,71
24/07/2022,20:00,81
24/07/2022,21:00,89
24/07/2022,22:00,94
24/07/2022,23:00,95
25/07/2022,00:00,93
25/07/2022,01:00,94.4
25/07/2022,02:00,94.8
25/07/2022,03:00,95
25/07/2022,04:00,96.3
25/07/2022,05:00,97
25/07/2022,06:00,97
25/07/2022,07:00,97.7
25/07/2022,08:00,97.9
25/07/2022,09:00,98
25/07/2022,10:00,98
25/07/2022,11:00,98
25/07/2022,12:00,99
25/07/2022,13:00,98
25/07/2022,14:00,98
25/07/2022,15:00,97
25/07/2022,16:00,88
25/07/2022,17:00,83
25/07/2022,18:00,74
25/07/2022,19:00,68
25/07/2022,20:00,66
25/07/2022,21:00,69
25/07/2022,22:00,72
25/07/2022,23:00,76
26/07/2022,00:00,77
26/07/2022,01:00,87
26/07/2022,02:00,92.4
26/07/2022,03:00,94
26/07/2022,04:00,95.1
26/07/2022,05:00,96
26/07/2022,06:00,96
26/07/2022,07:00,96.7
26/07/2022,08:00,97.2
26/07/2022,09:00,97
26/07/2022,10:00,97
26/07/2022,11:00,98
26/07/2022,12:00,98
26/07/2022,13:00,98
26/07/2022,14:00,96
26/07/2022,15:00,77
26/07/2022,16:00,66
26/07/2022,17:00,57
26/07/2022,18:00,49
26/07/2022,19:00,46
26/07/2022,20:00,48
26/07/2022,21:00,55
26/07/2022,22:00,67
26/07/2022,23:00,76
27/07/2022,00:00,82
27/07/2022,01:00,91.4
27/07/2022,02:00,87
27/07/2022,03:00,90
27/07/2022,04:00,93.6
27/07/2022,05:00,94.2
27/07/2022,06:00,96
27/07/2022,07:00,94.2
27/07/2022,08:00,91.6
27/07/2022,09:00,91
27/07/2022,10:00,91
27/07/2022,11:00,93
27/07/2022,12:00,95
27/07/2022,13:00,94
27/07/2022,14:00,88
27/07/2022,15:00,86
27/07/2022,16:00,85
27/07/2022,17:00,82
27/07/2022,18:00,78
27/07/2022,19:00,75
27/07/2022,20:00,71
27/07/2022,21:00,65
27/07/2022,22:00,67
27/07/2022,23:00,71
28/07/2022,00:00,76
28/07/2022,01:00,79.8
28/07/2022,02:00,84.3
28/07/2022,03:00,85
28/07/2022,04:00,94.5
28/07/2022,05:00,91.8
28/07/2022,06:00,91
28/07/2022,07:00,88.6
28/07/2022,08:00,90.9
28/07/2022,09:00,92
28/07/2022,10:00,95
28/07/2022,11:00,96
28/07/2022,12:00,97
28/07/2022,13:00,97
28/07/2022,14:00,88
28/07/2022,15:00,78
28/07/2022,16:00,66
28/07/2022,17:00,53
28/07/2022,18:00,48
28/07/2022,19:00,43
28/07/2022,20:00,38
28/07/2022,21:00,39
28/07/2022,22:00,49
28/07/2022,23:00,69
29/07/2022,00:00,79
29/07/2022,01:00,83.6
29/07/2022,02:00,88.3
29/07/2022,03:00,90
29/07/2022,04:00,92.6
29/07/2022,05:00,93.6
29/07/2022,06:00,94
29/07/2022,07:00,95.2
29/07/2022,08:00,95.8
29/07/2022,09:00,96
29/07/2022,10:00,97
29/07/2022,11:00,97
29/07/2022,12:00,97
29/07/2022,13:00,98
29/07/2022,14:00,71
29/07/2022,15:00,53
29/07/2022,16:00,42
29/07/2022,17:00,30
29/07/2022,18:00,25
29/07/2022,19:00,26
29/07/2022,20:00,38
29/07/2022,21:00,47
29/07/2022,22:00,54
29/07/2022,23:00,62
30/07/2022,00:00,75
30/07/2022,01:00,74.4
30/07/2022,02:00,80.8
30/07/2022,03:00,88
30/07/2022,04:00,92.8
30/07/2022,05:00,94.5
30/07/2022,06:00,95
30/07/2022,07:00,94.8
30/07/2022,08:00,94.2
30/07/2022,09:00,94
30/07/2022,10:00,92
30/07/2022,11:00,96
30/07/2022,12:00,96
30/07/2022,13:00,92
30/07/2022,14:00,90
30/07/2022,15:00,85
30/07/2022,16:00,80
30/07/2022,17:00,77
30/07/2022,18:00,77
30/07/2022,19:00,79
30/07/2022,20:00,79
30/07/2022,21:00,83
30/07/2022,22:00,82
30/07/2022,23:00,83
31/07/2022,00:00,84
31/07/2022,01:00,89.2
31/07/2022,02:00,84.9
31/07/2022,03:00,84
31/07/2022,04:00,87.3
31/07/2022,05:00,88.6
31/07/2022,06:00,89
31/07/2022,07:00,90
31/07/2022,08:00,92.3
31/07/2022,09:00,95
31/07/2022,10:00,95
31/07/2022,11:00,96
31/07/2022,12:00,97
31/07/2022,13:00,97
31/07/2022,14:00,85
31/07/2022,15:00,72
31/07/2022,16:00,60
31/07/2022,17:00,55
31/07/2022,18:00,46
31/07/2022,19:00,44
31/07/2022,20:00,47
31/07/2022,21:00,50
31/07/2022,22:00,60
31/07/2022,23:00,73
01/07/2021,00:00,74
01/07/2021,01:00,78.8
01/07/2021,02:00,86.9
01/07/2021,03:00,84
01/07/2021,04:00,84.1
01/07/2021,05:00,88.1
01/07/2021,06:00,90
01/07/2021,07:00,93.8
01/07/2021,08:00,94.5
01/07/2021,09:00,96
01/07/2021,10:00,96
01/07/2021,11:00,96
01/07/2021,12:00,96
01/07/2021,13:00,96
01/07/2021,14:00,83
01/07/2021,15:00,72
01/07/2021,16:00,66
01/07/2021,17:00,52
01/07/2021,18:00,37
01/07/2021,19:00,34
01/07/2021,20:00,35
01/07/2021,21:00,41
01/07/2021,22:00,47
01/07/2021,23:00,55
02/07/2021,00:00,63
02/07/2021,01:00,68.7
02/07/2021,02:00,73
02/07/2021,03:00,74
02/07/2021,04:00,82.6
02/07/2021,05:00,87.1
02/07/2021,06:00,88
02/07/2021,07:00,91.1
02/07/2021,08:00,94.2
02/07/2021,09:00,95
02/07/2021,10:00,96
02/07/2021,11:00,96
02/07/2021,12:00,97
02/07/2021,13:00,97
02/07/2021,14:00,79
02/07/2021,15:00,62
02/07/2021,16:00,55
02/07/2021,17:00,50
02/07/2021,18:00,42
02/07/2021,19:00,42
02/07/2021,20:00,38
02/07/2021,21:00,40
02/07/2021,22:00,39
02/07/2021,23:00,60
03/07/2021,00:00,68
03/07/2021,01:00,70.8
03/07/2021,02:00,77.2
03/07/2021,03:00,84
03/07/2021,04:00,86.3
03/07/2021,05:00,87.6
03/07/2021,06:00,89
03/07/2021,07:00,92.6
03/07/2021,08:00,93
03/07/2021,09:00,94
03/07/2021,10:00,94
03/07/2021,11:00,94
03/07/2021,12:00,94
03/07/2021,13:00,94
03/07/2021,14:00,71
03/07/2021,15:00,56
03/07/2021,16:00,46
03/07/2021,17:00,37
03/07/2021,18:00,31
03/07/2021,19:00,31
03/07/2021,20:00,33
03/07/2021,21:00,41
03/07/2021,22:00,52
03/07/2021,23:00,73
04/07/2021,00:00,79
04/07/2021,01:00,84
04/07/2021,02:00,87
04/07/2021,03:00,91
04/07/2021,04:00,93.1
04/07/2021,05:00,94.2
04/07/2021,06:00,95
04/07/2021,07:00,96.1
04/07/2021,08:00,96.5
04/07/2021,09:00,97
04/07/2021,10:00,97
04/07/2021,11:00,97
04/07/2021,12:00,97
04/07/2021,13:00,98
04/07/2021,14:00,81
04/07/2021,15:00,60
04/07/2021,16:00,48
04/07/2021,17:00,37
04/07/2021,18:00,33
04/07/2021,19:00,28
04/07/2021,20:00,22
04/07/2021,21:00,34
04/07/2021,22:00,52
04/07/2021,23:00,67
05/07/2021,00:00,81
05/07/2021,01:00,88.5
05/07/2021,02:00,90.7
05/07/2021,03:00,91
05/07/2021,04:00,93.6
05/07/2021,05:00,94.2
05/07/2021,06:00,92
05/07/2021,07:00,93.1
05/07/2021,08:00,92.6
05/07/2021,09:00,94
05/07/2021,10:00,95
05/07/2021,11:00,96
05/07/2021,12:00,96
05/07/2021,13:00,96
05/07/2021,14:00,74
05/07/2021,15:00,44
05/07/2021,16:00,35
05/07/2021,17:00,29
05/07/2021,18:00,25
05/07/2021,19:00,22
05/07/2021,20:00,33
05/07/2021,21:00,46
05/07/2021,22:00,57
05/07/2021,23:00,67
06/07/2021,00:00,71
06/07/2021,01:00,92.3
06/07/2021,02:00,96.4
06/07/2021,03:00,97
06/07/2021,04:00,96.4
06/07/2021,05:00,96.1
06/07/2021,06:00,96
06/07/2021,07:00,95.9
06/07/2021,08:00,95.6
06/07/2021,09:00,95
06/07/2021,10:00,94
06/07/2021,11:00,95
06/07/2021,12:00,94
06/07/2021,13:00,94
06/07/2021,14:00,93
06/07/2021,15:00,84
06/07/2021,16:00,72
06/07/2021,17:00,61
06/07/2021,18:00,59
06/07/2021,19:00,54
06/07/2021,20:00,50
06/07/2021,21:00,52
06/07/2021,22:00,61
06/07/2021,23:00,81
07/07/2021,00:00,82
07/07/2021,01:00,82.8
07/07/2021,02:00,88.9
07/07/2021,03:00,90
07/07/2021,04:00,90.4
07/07/2021,05:00,93.4
07/07/2021,06:00,93
07/07/2021,07:00,94
07/07/2021,08:00,94
07/07/2021,09:00,94
07/07/2021,10:00,95
07/07/2021,11:00,95
07/07/2021,12:00,95
07/07/2021,13:00,95
07/07/2021,14:00,67
07/07/2021,15:00,53
07/07/2021,16:00,52
07/07/2021,17:00,46
07/07/2021,18:00,37
07/07/2021,19:00,30
07/07/2021,20:00,31
07/07/2021,21:00,40
07/07/2021,22:00,54
07/07/2021,23:00,66
08/07/2021,00:00,73
08/07/2021,01:00,82
08/07/2021,02:00,84.2
08/07/2021,03:00,88
08/07/2021,04:00,91.2
08/07/2021,05:00,92.4
08/07/2021,06:00,92
08/07/2021,07:00,93.5
08/07/2021,08:00,94.9
08/07/2021,09:00,95
08/07/2021,10:00,95
08/07/2021,11:00,95
08/07/2021,12:00,96
08/07/2021,13:00,97
08/07/2021,14:00,73
08/07/2021,15:00,47
08/07/2021,16:00,39
08/07/2021,17:00,29
08/07/2021,18:00,24
08/07/2021,19:00,31
08/07/2021,20:00,33
08/07/2021,21:00,40
08/07/2021,22:00,47
08/07/2021,23:00,67
09/07/2021,00:00,66
09/07/2021,01:00,82.8
09/07/2021,02:00,88
09/07/2021,03:00,91
09/07/2021,04:00,93.2
09/07/2021,05:00,94.5
09/07/2021,06:00,95
09/07/2021,07:00,95.4
09/07/2021,08:00,96.3
09/07/2021,09:00,96.9
09/07/2021,10:00,97
09/07/2021,11:00,97
09/07/2021,12:00,97
09/07/2021,13:00,97
09/07/2021,14:00,91
09/07/2021,15:00,74
09/07/2021,16:00,76
09/07/2021,17:00,65
09/07/2021,18:00,62
09/07/2021,19:00,61
09/07/2021,20:00,61
09/07/2021,21:00,64
09/07/2021,22:00,65
09/07/2021,23:00,75
10/07/2021,00:00,77
10/07/2021,01:00,86.2
10/07/2021,02:00,91.1
10/07/2021,03:00,93
10/07/2021,04:00,93.9
10/07/2021,05:00,94.5
10/07/2021,06:00,96
10/07/2021,07:00,96.2
10/07/2021,08:00,97.1
10/07/2021,09:00,97
10/07/2021,10:00,97
10/07/2021,11:00,97
10/07/2021,12:00,97
10/07/2021,13:00,98
10/07/2021,14:00,98
10/07/2021,15:00,72
10/07/2021,16:00,60
10/07/2021,17:00,52
10/07/2021,18:00,47
10/07/2021,19:00,42
10/07/2021,20:00,35
10/07/2021,21:00,38
10/07/2021,22:00,58
10/07/2021,23:00,72
11/07/2021,00:00,81
11/07/2021,01:00,85.3
11/07/2021,02:00,89
11/07/2021,03:00,91
11/07/2021,04:00,92.6
11/07/2021,05:00,93.8
11/07/2021,06:00,94
11/07/2021,07:00,94.9
11/07/2021,08:00,94.4
11/07/2021,09:00,95
11/07/2021,10:00,95
11/07/2021,11:00,95
11/07/2021,12:00,94
11/07/2021,13:00,94
11/07/2021,14:00,87
11/07/2021,15:00,55
11/07/2021,16:00,45
11/07/2021,17:00,36
11/07/2021,18:00,31
11/07/2021,19:00,25
11/07/2021,20:00,22
11/07/2021,21:00,34
11/07/2021,22:00,39
11/07/2021,23:00,53
12/07/2021,00:00,62
12/07/2021,01:00,61.6
12/07/2021,02:00,66.1
12/07/2021,03:00,73
12/07/2021,04:00,84.1
12/07/2021,05:00,91.1
12/07/2021,06:00,93
12/07/2021,07:00,95.2
12/07/2021,08:00,96.2
12/07/2021,09:00,96
12/07/2021,10:00,98
12/07/2021,11:00,98
12/07/2021,12:00,98
12/07/2021,13:00,97
12/07/2021,14:00,95
12/07/2021,15:00,87
12/07/2021,16:00,78
12/07/2021,17:00,82
12/07/2021,18:00,81
12/07/2021,19:00,78
12/07/2021,20:00,70
12/07/2021,21:00,68
12/07/2021,22:00,69
12/07/2021,23:00,74
13/07/2021,00:00,79
13/07/2021,01:00,89.1
13/07/2021,02:00,92.9
13/07/2021,03:00,94
13/07/2021,04:00,95.8
13/07/2021,05:00,96.7
13/07/2021,06:00,96
13/07/2021,07:00,96.9
13/07/2021,08:00,97.2
13/07/2021,09:00,97
13/07/2021,10:00,97
13/07/2021,11:00,98
13/07/2021,12:00,98
13/07/2021,13:00,98
13/07/2021,14:00,98
13/07/2021,15:00,84
13/07/2021,16:00,68
13/07/2021,17:00,63
13/07/2021,18:00,59
13/07/2021,19:00,52
13/07/2021,20:00,52
13/07/2021,21:00,58
13/07/2021,22:00,64
13/07/2021,23:00,72
14/07/2021,00:00,87
14/07/2021,01:00,91.2
14/07/2021,02:00,94
14/07/2021,03:00,94
14/07/2021,04:00,96.1
14/07/2021,05:00,96.4
14/07/2021,06:00,97
14/07/2021,07:00,97
14/07/2021,08:00,97.4
14/07/2021,09:00,97
14/07/2021,10:00,98
14/07/2021,11:00,97
14/07/2021,12:00,98
14/07/2021,13:00,98
14/07/2021,14:00,98
14/07/2021,15:00,79
14/07/2021,16:00,67
14/07/2021,17:00,59
14/07/2021,18:00,57
14/07/2021,19:00,51
14/07/2021,20:00,50
14/07/2021,21:00,54
14/07/2021,22:00,65
14/07/2021,23:00,75
15/07/2021,00:00,88
15/07/2021,01:00,92.6
15/07/2021,02:00,94.4
15/07/2021,03:00,95
15/07/2021,04:00,96.3
15/07/2021,05:00,96.7
15/07/2021,06:00,97
15/07/2021,07:00,97.1
15/07/2021,08:00,97.4
15/07/2021,09:00,98
15/07/2021,10:00,98
15/07/2021,11:00,98
15/07/2021,12:00,98
15/07/2021,13:00,98
15/07/2021,14:00,97
15/07/2021,15:00,68
15/07/2021,16:00,55
15/07/2021,17:00,43
15/07/2021,18:00,35
15/07/2021,19:00,33
15/07/2021,20:00,35
15/07/2021,21:00,36
15/07/2021,22:00,42
15/07/2021,23:00,58
16/07/2021,00:00,79
16/07/2021,01:00,66
16/07/2021,02:00,67.4
16/07/2021,03:00,74
16/07/2021,04:00,80.5
16/07/2021,05:00,83.6
16/07/2021,06:00,86
16/07/2021,07:00,85.5
16/07/2021,08:00,81.2
16/07/2021,09:00,83
16/07/2021,10:00,84
16/07/2021,11:00,84
16/07/2021,12:00,86
16/07/2021,13:00,89
16/07/2021,14:00,65
16/07/2021,15:00,56
16/07/2021,16:00,51
16/07/2021,17:00,42
16/07/2021,18:00,38
16/07/2021,19:00,33
16/07/2021,20:00,32
16/07/2021,21:00,39
16/07/2021,22:00,46
16/07/2021,23:00,58
17/07/2021,00:00,68
17/07/2021,01:00,83.4
17/07/2021,02:00,89.3
17/07/2021,03:00,92
17/07/2021,04:00,94.2
17/07/2021,05:00,95.4
17/07/2021,06:00,96
17/07/2021,07:00,96.3
17/07/2021,08:00,97
17/07/2021,09:00,97
17/07/2021,10:00,97
17/07/2021,11:00,97
17/07/2021,12:00,98
17/07/2021,13:00,98
17/07/2021,14:00,90
17/07/2021,15:00,68
17/07/2021,16:00,53
17/07/2021,17:00,48
17/07/2021,18:00,38
17/07/2021,19:00,32
17/07/2021,20:00,26
17/07/2021,21:00,26
17/07/2021,22:00,45
17/07/2021,23:00,59
18/07/2021,00:00,65
18/07/2021,01:00,74.7
18/07/2021,02:00,77.1
18/07/2021,03:00,81
18/07/2021,04:00,83.9
18/07/2021,05:00,84.6
18/07/2021,06:00,87
18/07/2021,07:00,86.2
18/07/2021,08:00,84.7
18/07/2021,09:00,85
18/07/2021,10:00,87
18/07/2021,11:00,86
18/07/2021,12:00,87
18/07/2021,13:00,86
18/07/2021,14:00,47
18/07/2021,15:00,32
18/07/2021,16:00,26
18/07/2021,17:00,19
18/07/2021,18:00,15
18/07/2021,19:00,10
18/07/2021,20:00,10
18/07/2021,21:00,11
18/07/2021,22:00,28
18/07/2021,23:00,43
19/07/2021,00:00,50
19/07/2021,01:00,61
19/07/2021,02:00,64
19/07/2021,03:00,65
19/07/2021,04:00,63.7
19/07/2021,05:00,67.1
19/07/2021,06:00,69
19/07/2021,07:00,72.1
19/07/2021,08:00,71.9
19/07/2021,09:00,73
19/07/2021,10:00,75
19/07/2021,11:00,75
19/07/2021,12:00,75
19/07/2021,13:00,72
19/07/2021,14:00,43
19/07/2021,15:00,33
19/07/2021,16:00,20
19/07/2021,17:00,17
19/07/2021,18:00,14
19/07/2021,19:00,14
19/07/2021,20:00,15
19/07/2021,21:00,17
19/07/2021,22:00,29
19/07/2021,23:00,42
20/07/2021,00:00,51
20/07/2021,01:00,60.3
20/07/2021,02:00,62.8
20/07/2021,03:00,61
20/07/2021,04:00,66.3
20/07/2021,05:00,65.9
20/07/2021,06:00,67
20/07/2021,07:00,72.7
20/07/2021,08:00,76
20/07/2021,09:00,76
20/07/2021,10:00,80
20/07/2021,11:00,76
20/07/2021,12:00,73
20/07/2021,13:00,71
20/07/2021,14:00,42
20/07/2021,15:00,26
20/07/2021,16:00,20
20/07/2021,17:00,17
20/07/2021,18:00,17
20/07/2021,19:00,13
20/07/2021,20:00,12
20/07/2021,21:00,14
20/07/2021,22:00,21
20/07/2021,23:00,38
21/07/2021,00:00,45
21/07/2021,01:00,47.8
21/07/2021,02:00,52.7
21/07/2021,03:00,58
21/07/2021,04:00,60.7
21/07/2021,05:00,64.1
21/07/2021,06:00,63
21/07/2021,07:00,65.1
21/07/2021,08:00,67.2
21/07/2021,09:00,69
21/07/2021,10:00,66
21/07/2021,11:00,66
21/07/2021,12:00,67
21/07/2021,13:00,61
21/07/2021,14:00,34
21/07/2021,15:00,28
21/07/2021,16:00,22
21/07/2021,17:00,19
21/07/2021,18:00,16
21/07/2021,19:00,14
21/07/2021,20:00,29
21/07/2021,21:00,37
21/07/2021,22:00,44
21/07/2021,23:00,56
22/07/2021,00:00,64
22/07/2021,01:00,70.3
22/07/2021,02:00,74.6
22/07/2021,03:00,77
22/07/2021,04:00,83.9
22/07/2021,05:00,87.4
22/07/2021,06:00,89
22/07/2021,07:00,91.1
22/07/2021,08:00,92.6
22/07/2021,09:00,92
22/07/2021,10:00,93
22/07/2021,11:00,92
22/07/2021,12:00,93
22/07/2021,13:00,85
22/07/2021,14:00,50
22/07/2021,15:00,45
22/07/2021,16:00,33
22/07/2021,17:00,28
22/07/2021,18:00,19
22/07/2021,19:00,19
22/07/2021,20:00,18
22/07/2021,21:00,21
22/07/2021,22:00,33
22/07/2021,23:00,42
23/07/2021,00:00,54
23/07/2021,01:00,63.3
23/07/2021,02:00,72.2
23/07/2021,03:00,77
23/07/2021,04:00,87.4
23/07/2021,05:00,90.5
23/07/2021,06:00,93
23/07/2021,07:00,94.3
23/07/2021,08:00,93.9
23/07/2021,09:00,94
23/07/2021,10:00,92
23/07/2021,11:00,89
23/07/2021,12:00,87
23/07/2021,13:00,86
23/07/2021,14:00,56
23/07/2021,15:00,43
23/07/2021,16:00,39
23/07/2021,17:00,31
23/07/2021,18:00,29
23/07/2021,19:00,31
23/07/2021,20:00,43
23/07/2021,21:00,59
23/07/2021,22:00,68
23/07/2021,23:00,82
24/07/2021,00:00,88
24/07/2021,01:00,90.9
24/07/2021,02:00,92.5
24/07/2021,03:00,93
24/07/2021,04:00,89.6
24/07/2021,05:00,88.1
24/07/2021,06:00,88
24/07/2021,07:00,86.6
24/07/2021,08:00,88.2
24/07/2021,09:00,87
24/07/2021,10:00,88
24/07/2021,11:00,88
24/07/2021,12:00,89
24/07/2021,13:00,88
24/07/2021,14:00,84
24/07/2021,15:00,86
24/07/2021,16:00,92
24/07/2021,17:00,88
24/07/2021,18:00,78
24/07/2021,19:00,73
24/07/2021,20:00,67
24/07/2021,21:00,66
24/07/2021,22:00,73
24/07/2021,23:00,82
25/07/2021,00:00,91
25/07/2021,01:00,93.4
25/07/2021,02:00,95.4
25/07/2021,03:00,96
25/07/2021,04:00,96.7
25/07/2021,05:00,96.8
25/07/2021,06:00,96
25/07/2021,07:00,95.4
25/07/2021,08:00,94.6
25/07/2021,09:00,94
25/07/2021,10:00,92
25/07/2021,11:00,92
25/07/2021,12:00,94
25/07/2021,13:00,94
25/07/2021,14:00,76
25/07/2021,15:00,68
25/07/2021,16:00,57
25/07/2021,17:00,43
25/07/2021,18:00,41
25/07/2021,19:00,40
25/07/2021,20:00,45
25/07/2021,21:00,57
25/07/2021,22:00,72
25/07/2021,23:00,74
26/07/2021,00:00,74
26/07/2021,01:00,81.3
26/07/2021,02:00,87.4
26/07/2021,03:00,87
26/07/2021,04:00,83.5
26/07/2021,05:00,79.8
26/07/2021,06:00,80
26/07/2021,07:00,88.3
26/07/2021,08:00,93.5
26/07/2021,09:00,94
26/07/2021,10:00,93
26/07/2021,11:00,95
26/07/2021,12:00,96
26/07/2021,13:00,96
26/07/2021,14:00,83
26/07/2021,15:00,73
26/07/2021,16:00,68
26/07/2021,17:00,61
26/07/2021,18:00,58
26/07/2021,19:00,50
26/07/2021,20:00,51
26/07/2021,21:00,54
26/07/2021,22:00,59
26/07/2021,23:00,69
27/07/2021,00:00,72
27/07/2021,01:00,83.9
27/07/2021,02:00,90.7
27/07/2021,03:00,93
27/07/2021,04:00,95.1
27/07/2021,05:00,95.9
27/07/2021,06:00,96
27/07/2021,07:00,96.9
27/07/2021,08:00,97.2
27/07/2021,09:00,97.4
27/07/2021,10:00,97
27/07/2021,11:00,98
27/07/2021,12:00,98
27/07/2021,13:00,98
27/07/2021,14:00,83
27/07/2021,15:00,65
27/07/2021,16:00,56
27/07/2021,17:00,49
27/07/2021,18:00,39
27/07/2021,19:00,33
27/07/2021,20:00,32
27/07/2021,21:00,31
27/07/2021,22:00,50
27/07/2021,23:00,65
28/07/2021,00:00,79
28/07/2021,01:00,88.5
28/07/2021,02:00,90.8
28/07/2021,03:00,91
28/07/2021,04:00,93.8
28/07/2021,05:00,95.2
28/07/2021,06:00,95
28/07/2021,07:00,96.1
28/07/2021,08:00,96
28/07/2021,09:00,96
28/07/2021,10:00,96
28/07/2021,11:00,97
28/07/2021,12:00,97
28/07/2021,13:00,97
28/07/2021,14:00,57
28/07/2021,15:00,46
28/07/2021,16:00,32
28/07/2021,17:00,24
28/07/2021,18:00,17
28/07/2021,19:00,16
28/07/2021,20:00,11
28/07/2021,21:00,14
28/07/2021,22:00,26
28/07/2021,23:00,39
29/07/2021,00:00,49
29/07/2021,01:00,56.2
29/07/2021,02:00,61.8
29/07/2021,03:00,66
29/07/2021,04:00,66.5
29/07/2021,05:00,68.6
29/07/2021,06:00,69
29/07/2021,07:00,71.8
29/07/2021,08:00,69.1
29/07/2021,09:00,70
29/07/2021,10:00,63
29/07/2021,11:00,66
29/07/2021,12:00,70
29/07/2021,13:00,65
29/07/2021,14:00,32
29/07/2021,15:00,24
29/07/2021,16:00,17
29/07/2021,17:00,14
29/07/2021,18:00,11
29/07/2021,19:00,11
29/07/2021,20:00,12
29/07/2021,21:00,19
29/07/2021,22:00,32
29/07/2021,23:00,50
30/07/2021,00:00,57
30/07/2021,01:00,63.7
30/07/2021,02:00,71.7
30/07/2021,03:00,76
30/07/2021,04:00,76.3
30/07/2021,05:00,76.2
30/07/2021,06:00,79
30/07/2021,07:00,78.8
30/07/2021,08:00,81.6
30/07/2021,09:00,83
30/07/2021,10:00,80
30/07/2021,11:00,80
30/07/2021,12:00,88
30/07/2021,13:00,81
30/07/2021,14:00,48
30/07/2021,15:00,40
30/07/2021,16:00,28
30/07/2021,17:00,23
30/07/2021,18:00,17
30/07/2021,19:00,16
30/07/2021,20:00,17
30/07/2021,21:00,26
30/07/2021,22:00,26
30/07/2021,23:00,53
31/07/2021,00:00,53
31/07/2021,01:00,75.8
31/07/2021,02:00,81
31/07/2021,03:00,88
31/07/2021,04:00,92.5
31/07/2021,05:00,94.6
31/07/2021,06:00,95
31/07/2021,07:00,95.7
31/07/2021,08:00,96.2
31/07/2021,09:00,97
31/07/2021,10:00,97
31/07/2021,11:00,97
31/07/2021,12:00,96
31/07/2021,13:00,96
31/07/2021,14:00,63
31/07/2021,15:00,49
31/07/2021,16:00,37
31/07/2021,17:00,29
31/07/2021,18:00,23
31/07/2021,19:00,20
31/07/2021,20:00,25
31/07/2021,21:00,21
31/07/2021,22:00,36
31/07/2021,23:00,53
01/07/2020,00:00,83
01/07/2020,01:00,87
01/07/2020,02:00,87.1
01/07/2020,03:00,79
01/07/2020,04:00,84.4
01/07/2020,05:00,89.2
01/07/2020,06:00,88
01/07/2020,07:00,87.9
01/07/2020,08:00,85.5
01/07/2020,09:00,87
01/07/2020,10:00,91
01/07/2020,11:00,94
01/07/2020,12:00,96
01/07/2020,13:00,96
01/07/2020,14:00,97
01/07/2020,15:00,91
01/07/2020,16:00,85
01/07/2020,17:00,83
01/07/2020,18:00,74
01/07/2020,19:00,76
01/07/2020,20:00,70
01/07/2020,21:00,66
01/07/2020,22:00,80
01/07/2020,23:00,92
02/07/2020,00:00,95
02/07/2020,01:00,96.2
02/07/2020,02:00,96.7
02/07/2020,03:00,97
02/07/2020,04:00,97.5
02/07/2020,05:00,97.7
02/07/2020,06:00,98
02/07/2020,07:00,97.9
02/07/2020,08:00,97.8
02/07/2020,09:00,98
02/07/2020,10:00,98
02/07/2020,11:00,98
02/07/2020,12:00,98
02/07/2020,13:00,98
02/07/2020,14:00,99
02/07/2020,15:00,78
02/07/2020,16:00,72
02/07/2020,17:00,66
02/07/2020,18:00,62
02/07/2020,19:00,56
02/07/2020,20:00,55
02/07/2020,21:00,59
02/07/2020,22:00,74
02/07/2020,23:00,84
03/07/2020,00:00,92
03/07/2020,01:00,94.8
03/07/2020,02:00,96
03/07/2020,03:00,96
03/07/2020,04:00,97.3
03/07/2020,05:00,97.3
03/07/2020,06:00,97
03/07/2020,07:00,97.3
03/07/2020,08:00,97.4
03/07/2020,09:00,97.8
03/07/2020,10:00,98
03/07/2020,11:00,98
03/07/2020,12:00,98
03/07/2020,13:00,98
03/07/2020,14:00,98
03/07/2020,15:00,77
03/07/2020,16:00,71
03/07/2020,17:00,59
03/07/2020,18:00,50
03/07/2020,19:00,43
03/07/2020,20:00,31
03/07/2020,21:00,51
03/07/2020,22:00,65
03/07/2020,23:00,76
04/07/2020,00:00,81
04/07/2020,01:00,87.4
04/07/2020,02:00,92.3
04/07/2020,03:00,95
04/07/2020,04:00,95.9
04/07/2020,05:00,95.9
04/07/2020,06:00,94
04/07/2020,07:00,85.8
04/07/2020,08:00,89.9
04/07/2020,09:00,89
04/07/2020,10:00,91
04/07/2020,11:00,92
04/07/2020,12:00,92
04/07/2020,13:00,93
04/07/2020,14:00,93
04/07/2020,15:00,96
04/07/2020,16:00,96
04/07/2020,17:00,96
04/07/2020,18:00,95
04/07/2020,19:00,94
04/07/2020,20:00,95
04/07/2020,21:00,92
04/07/2020,22:00,90
04/07/2020,23:00,70
05/07/2020,00:00,92
05/07/2020,01:00,89.9
05/07/2020,02:00,94
05/07/2020,03:00,93
05/07/2020,04:00,95.7
05/07/2020,05:00,96.8
05/07/2020,06:00,97
05/07/2020,07:00,97.1
05/07/2020,08:00,97.3
05/07/2020,09:00,97
05/07/2020,10:00,98
05/07/2020,11:00,98
05/07/2020,12:00,98
05/07/2020,13:00,98
05/07/2020,14:00,97
05/07/2020,15:00,81
05/07/2020,16:00,72
05/07/2020,17:00,64
05/07/2020,18:00,59
05/07/2020,19:00,53
05/07/2020,20:00,57
05/07/2020,21:00,60
05/07/2020,22:00,67
05/07/2020,23:00,78
06/07/2020,00:00,79
06/07/2020,01:00,83.4
06/07/2020,02:00,84.4
06/07/2020,03:00,86
06/07/2020,04:00,87.6
06/07/2020,05:00,88.4
06/07/2020,06:00,90
06/07/2020,07:00,91.1
06/07/2020,08:00,93.9
06/07/2020,09:00,94
06/07/2020,10:00,94
06/07/2020,11:00,94
06/07/2020,12:00,93
06/07/2020,13:00,94
06/07/2020,14:00,87
06/07/2020,15:00,79
06/07/2020,16:00,71
06/07/2020,17:00,68
06/07/2020,18:00,64
06/07/2020,19:00,63
06/07/2020,20:00,60
06/07/2020,21:00,62
06/07/2020,22:00,74
06/07/2020,23:00,85
07/07/2020,00:00,89
07/07/2020,01:00,92.9
07/07/2020,02:00,86.7
07/07/2020,03:00,90
07/07/2020,04:00,94
07/07/2020,05:00,95.7
07/07/2020,06:00,97
07/07/2020,07:00,97.2
07/07/2020,08:00,97.2
07/07/2020,09:00,97
07/07/2020,10:00,97
07/07/2020,11:00,97
07/07/2020,12:00,97
07/07/2020,13:00,97
07/07/2020,14:00,90
07/07/2020,15:00,81
07/07/2020,16:00,71
07/07/2020,17:00,60
07/07/2020,18:00,61
07/07/2020,19:00,53
07/07/2020,20:00,55
07/07/2020,21:00,57
07/07/2020,22:00,64
07/07/2020,23:00,78
08/07/2020,00:00,83
08/07/2020,01:00,82.6
08/07/2020,02:00,86.5
08/07/2020,03:00,88
08/07/2020,04:00,89.9
08/07/2020,05:00,87.9
08/07/2020,06:00,87
08/07/2020,07:00,83.3
08/07/2020,08:00,86.1
08/07/2020,09:00,89
08/07/2020,10:00,88
08/07/2020,11:00,88
08/07/2020,12:00,83
08/07/2020,13:00,90
08/07/2020,14:00,93
08/07/2020,15:00,80
08/07/2020,16:00,72
08/07/2020,17:00,65
08/07/2020,18:00,60
08/07/2020,19:00,54
08/07/2020,20:00,52
08/07/2020,21:00,56
08/07/2020,22:00,67
08/07/2020,23:00,82
09/07/2020,00:00,91
09/07/2020,01:00,93.3
09/07/2020,02:00,95.4
09/07/2020,03:00,82
09/07/2020,04:00,95.6
09/07/2020,05:00,95.7
09/07/2020,06:00,96
09/07/2020,07:00,95.6
09/07/2020,08:00,96
09/07/2020,09:00,96
09/07/2020,10:00,96
09/07/2020,11:00,96
09/07/2020,12:00,95
09/07/2020,13:00,95
09/07/2020,14:00,81
09/07/2020,15:00,64
09/07/2020,16:00,64
09/07/2020,17:00,57
09/07/2020,18:00,51
09/07/2020,19:00,47
09/07/2020,20:00,50
09/07/2020,21:00,53
09/07/2020,22:00,69
09/07/2020,23:00,82
10/07/2020,00:00,89
10/07/2020,01:00,92
10/07/2020,02:00,93.7
10/07/2020,03:00,94
10/07/2020,04:00,94.1
10/07/2020,05:00,93.4
10/07/2020,06:00,94
10/07/2020,07:00,93.7
10/07/2020,08:00,94.7
10/07/2020,09:00,95
10/07/2020,10:00,95
10/07/2020,11:00,95
10/07/2020,12:00,93
10/07/2020,13:00,94
10/07/2020,14:00,85
10/07/2020,15:00,70
10/07/2020,16:00,70
10/07/2020,17:00,71
10/07/2020,18:00,61
10/07/2020,19:00,63
10/07/2020,20:00,65
10/07/2020,21:00,65
10/07/2020,22:00,76
10/07/2020,23:00,78
11/07/2020,00:00,87
11/07/2020,01:00,90.7
11/07/2020,02:00,94
11/07/2020,03:00,95
11/07/2020,04:00,96.1
11/07/2020,05:00,96.7
11/07/2020,06:00,97
11/07/2020,07:00,97.6
11/07/2020,08:00,97.3
11/07/2020,09:00,97
11/07/2020,10:00,98
11/07/2020,11:00,98
11/07/2020,12:00,98
11/07/2020,13:00,98
11/07/2020,14:00,98
11/07/2020,15:00,78
11/07/2020,16:00,74
11/07/2020,17:00,67
11/07/2020,18:00,60
11/07/2020,19:00,59
11/07/2020,20:00,63
11/07/2020,21:00,74
11/07/2020,22:00,78
11/07/2020,23:00,86
12/07/2020,00:00,90
12/07/2020,01:00,90.7
12/07/2020,02:00,91.8
12/07/2020,03:00,93
12/07/2020,04:00,95.8
12/07/2020,05:00,96.2
12/07/2020,06:00,97
12/07/2020,07:00,96.9
12/07/2020,08:00,97.3
12/07/2020,09:00,97
12/07/2020,10:00,98
12/07/2020,11:00,98
12/07/2020,12:00,98
12/07/2020,13:00,98
12/07/2020,14:00,98
12/07/2020,15:00,86
12/07/2020,16:00,76
12/07/2020,17:00,64
12/07/2020,18:00,57
12/07/2020,19:00,51
12/07/2020,20:00,51
12/07/2020,21:00,48
12/07/2020,22:00,61
12/07/2020,23:00,76
13/07/2020,00:00,88
13/07/2020,01:00,92.2
13/07/2020,02:00,92.4
13/07/2020,03:00,94
13/07/2020,04:00,95.4
13/07/2020,05:00,95.8
13/07/2020,06:00,96
13/07/2020,07:00,97.1
13/07/2020,08:00,97.1
13/07/2020,09:00,97
13/07/2020,10:00,97
13/07/2020,11:00,97
13/07/2020,12:00,97
13/07/2020,13:00,98
13/07/2020,14:00,81
13/07/2020,15:00,59
13/07/2020,16:00,50
13/07/2020,17:00,41
13/07/2020,18:00,37
13/07/2020,19:00,32
13/07/2020,20:00,29
13/07/2020,21:00,34
13/07/2020,22:00,59
13/07/2020,23:00,79
14/07/2020,00:00,85
14/07/2020,01:00,90.6
14/07/2020,02:00,90.6
14/07/2020,03:00,92
14/07/2020,04:00,93.1
14/07/2020,05:00,93.8
14/07/2020,06:00,94
14/07/2020,07:00,91.6
14/07/2020,08:00,94.1
14/07/2020,09:00,95
14/07/2020,10:00,95
14/07/2020,11:00,96
14/07/2020,12:00,96
14/07/2020,13:00,97
14/07/2020,14:00,60
14/07/2020,15:00,47
14/07/2020,16:00,44
14/07/2020,17:00,35
14/07/2020,18:00,27
14/07/2020,19:00,27
14/07/2020,20:00,21
14/07/2020,21:00,26
14/07/2020,22:00,37
14/07/2020,23:00,56
15/07/2020,00:00,68
15/07/2020,01:00,75.9
15/07/2020,02:00,79.9
15/07/2020,03:00,81
15/07/2020,04:00,82.5
15/07/2020,05:00,81.8
15/07/2020,06:00,86
15/07/2020,07:00,85.3
15/07/2020,08:00,86.9
15/07/2020,09:00,89
15/07/2020,10:00,92
15/07/2020,11:00,92
15/07/2020,12:00,83
15/07/2020,13:00,82
15/07/2020,14:00,51
15/07/2020,15:00,36
15/07/2020,16:00,31
15/07/2020,17:00,26
15/07/2020,18:00,24
15/07/2020,19:00,24
15/07/2020,20:00,34
15/07/2020,21:00,43
15/07/2020,22:00,61
15/07/2020,23:00,69
16/07/2020,00:00,76
16/07/2020,01:00,89.6
16/07/2020,02:00,93.3
16/07/2020,03:00,95
16/07/2020,04:00,96.1
16/07/2020,05:00,97
16/07/2020,06:00,97
16/07/2020,07:00,97.8
16/07/2020,08:00,98.1
16/07/2020,09:00,98
16/07/2020,10:00,98
16/07/2020,11:00,99
16/07/2020,12:00,98
16/07/2020,13:00,98
16/07/2020,14:00,99
16/07/2020,15:00,95
16/07/2020,16:00,84
16/07/2020,17:00,78
16/07/2020,18:00,77
16/07/2020,19:00,77
16/07/2020,20:00,77
16/07/2020,21:00,82
16/07/2020,22:00,85
16/07/2020,23:00,90
17/07/2020,00:00,92
17/07/2020,01:00,92.4
17/07/2020,02:00,93.6
17/07/2020,03:00,94
17/07/2020,04:00,93.6
17/07/2020,05:00,94.9
17/07/2020,06:00,95
17/07/2020,07:00,92.7
17/07/2020,08:00,94.7
17/07/2020,09:00,96
17/07/2020,10:00,97
17/07/2020,11:00,98
17/07/2020,12:00,98
17/07/2020,13:00,97
17/07/2020,14:00,96
17/07/2020,15:00,89
17/07/2020,16:00,80
17/07/2020,17:00,73
17/07/2020,18:00,63
17/07/2020,19:00,60
17/07/2020,20:00,63
17/07/2020,21:00,68
17/07/2020,22:00,75
17/07/2020,23:00,83
18/07/2020,00:00,86
18/07/2020,01:00,89.4
18/07/2020,02:00,90
18/07/2020,03:00,90
18/07/2020,04:00,92.2
18/07/2020,05:00,91.3
18/07/2020,06:00,93
18/07/2020,07:00,94.7
18/07/2020,08:00,95.2
18/07/2020,09:00,95
18/07/2020,10:00,96
18/07/2020,11:00,96
18/07/2020,12:00,96
18/07/2020,13:00,97
18/07/2020,14:00,96
18/07/2020,15:00,84
18/07/2020,16:00,76
18/07/2020,17:00,68
18/07/2020,18:00,68
18/07/2020,19:00,65
18/07/2020,20:00,70
18/07/2020,21:00,78
18/07/2020,22:00,85
18/07/2020,23:00,89
19/07/2020,00:00,93
19/07/2020,01:00,94.5
19/07/2020,02:00,95.8
19/07/2020,03:00,96
19/07/2020,04:00,96.7
19/07/2020,05:00,97
19/07/2020,06:00,97
19/07/2020,07:00,97.4
19/07/2020,08:00,97.8
19/07/2020,09:00,98
19/07/2020,10:00,98
19/07/2020,11:00,98
19/07/2020,12:00,98
19/07/2020,13:00,98
19/07/2020,14:00,98
19/07/2020,15:00,99
19/07/2020,16:00,96
19/07/2020,17:00,66
19/07/2020,18:00,60
19/07/2020,19:00,57
19/07/2020,20:00,58
19/07/2020,21:00,66
19/07/2020,22:00,70
19/07/2020,23:00,74
20/07/2020,00:00,83
20/07/2020,01:00,75.5
20/07/2020,02:00,76
20/07/2020,03:00,78
20/07/2020,04:00,84
20/07/2020,05:00,90.7
20/07/2020,06:00,94
20/07/2020,07:00,96
20/07/2020,08:00,96.8
20/07/2020,09:00,97
20/07/2020,10:00,97
20/07/2020,11:00,97
20/07/2020,12:00,98
20/07/2020,13:00,98
20/07/2020,14:00,92
20/07/2020,15:00,75
20/07/2020,16:00,67
20/07/2020,17:00,58
20/07/2020,18:00,50
20/07/2020,19:00,46
20/07/2020,20:00,53
20/07/2020,21:00,57
20/07/2020,22:00,66
20/07/2020,23:00,74
21/07/2020,00:00,75.8
21/07/2020,01:00,76.3
21/07/2020,02:00,87.3
21/07/2020,03:00,92
21/07/2020,04:00,95.5
21/07/2020,05:00,96.1
21/07/2020,06:00,96
21/07/2020,07:00,96
21/07/2020,08:00,95.1
21/07/2020,09:00,94
21/07/2020,10:00,92
21/07/2020,11:00,92
21/07/2020,12:00,94
21/07/2020,13:00,95
21/07/2020,14:00,95
21/07/2020,15:00,91
21/07/2020,16:00,93
21/07/2020,17:00,93
21/07/2020,18:00,87
21/07/2020,19:00,90
21/07/2020,20:00,91
21/07/2020,21:00,91
21/07/2020,22:00,91
21/07/2020,23:00,92
22/07/2020,00:00,92
22/07/2020,01:00,95.8
22/07/2020,02:00,95.2
22/07/2020,03:00,94
22/07/2020,04:00,90.4
22/07/2020,05:00,94.9
22/07/2020,06:00,96
22/07/2020,07:00,96.6
22/07/2020,08:00,96.9
22/07/2020,09:00,97
22/07/2020,10:00,98
22/07/2020,11:00,98
22/07/2020,12:00,98
22/07/2020,13:00,98
22/07/2020,14:00,98
22/07/2020,15:00,81
22/07/2020,16:00,75
22/07/2020,17:00,61
22/07/2020,18:00,52
22/07/2020,19:00,52
22/07/2020,20:00,48
22/07/2020,21:00,51
22/07/2020,22:00,64
22/07/2020,23:00,80
23/07/2020,00:00,84
23/07/2020,01:00,90.5
23/07/2020,02:00,93.5
23/07/2020,03:00,95
23/07/2020,04:00,96.5
23/07/2020,05:00,97
23/07/2020,06:00,97
23/07/2020,07:00,97.4
23/07/2020,08:00,97.5
23/07/2020,09:00,98
23/07/2020,10:00,98
23/07/2020,11:00,98
23/07/2020,12:00,98
23/07/2020,13:00,98
23/07/2020,14:00,98
23/07/2020,15:00,80
23/07/2020,16:00,65
23/07/2020,17:00,56
23/07/2020,18:00,53
23/07/2020,19:00,49
23/07/2020,20:00,55
23/07/2020,21:00,52
23/07/2020,22:00,61
23/07/2020,23:00,68
24/07/2020,00:00,75
24/07/2020,01:00,85.2
24/07/2020,02:00,91.6
24/07/2020,03:00,94
24/07/2020,04:00,95.5
24/07/2020,05:00,96.2
24/07/2020,06:00,97
24/07/2020,07:00,97.1
24/07/2020,08:00,97.4
24/07/2020,09:00,97
24/07/2020,10:00,98
24/07/2020,11:00,98
24/07/2020,12:00,98
24/07/2020,13:00,98
24/07/2020,14:00,83
24/07/2020,15:00,71
24/07/2020,16:00,61
24/07/2020,17:00,51
24/07/2020,18:00,39
24/07/2020,19:00,37
24/07/2020,20:00,39
24/07/2020,21:00,36
24/07/2020,22:00,43
24/07/2020,23:00,64
25/07/2020,00:00,81
25/07/2020,01:00,87.4
25/07/2020,02:00,88.2
25/07/2020,03:00,89
25/07/2020,04:00,87.9
25/07/2020,05:00,92.1
25/07/2020,06:00,94
25/07/2020,07:00,95.4
25/07/2020,08:00,95.4
25/07/2020,09:00,96
25/07/2020,10:00,96
25/07/2020,11:00,96
25/07/2020,12:00,93
25/07/2020,13:00,90
25/07/2020,14:00,75
25/07/2020,15:00,68
25/07/2020,16:00,66
25/07/2020,17:00,60
25/07/2020,18:00,57
25/07/2020,19:00,57
25/07/2020,20:00,52
25/07/2020,21:00,41
25/07/2020,22:00,53
25/07/2020,23:00,65
26/07/2020,00:00,68
26/07/2020,01:00,74.9
26/07/2020,02:00,75.9
26/07/2020,03:00,76
26/07/2020,04:00,78.6
26/07/2020,05:00,78.3
26/07/2020,06:00,80
26/07/2020,07:00,81.5
26/07/2020,08:00,82.2
26/07/2020,09:00,83
26/07/2020,10:00,83
26/07/2020,11:00,84
26/07/2020,12:00,84
26/07/2020,13:00,79
26/07/2020,14:00,66
26/07/2020,15:00,62
26/07/2020,16:00,55
26/07/2020,17:00,51
26/07/2020,18:00,46
26/07/2020,19:00,41
26/07/2020,20:00,48
26/07/2020,21:00,54
26/07/2020,22:00,64
26/07/2020,23:00,73
27/07/2020,00:00,73
27/07/2020,01:00,74.8
27/07/2020,02:00,77.4
27/07/2020,03:00,81
27/07/2020,04:00,82.1
27/07/2020,05:00,79.3
27/07/2020,06:00,76
27/07/2020,07:00,81.6
27/07/2020,08:00,81.4
27/07/2020,09:00,83
27/07/2020,10:00,83
27/07/2020,11:00,80
27/07/2020,12:00,82
27/07/2020,13:00,82
27/07/2020,14:00,68
27/07/2020,15:00,65
27/07/2020,16:00,64
27/07/2020,17:00,58
27/07/2020,18:00,61
27/07/2020,19:00,59
27/07/2020,20:00,55
27/07/2020,21:00,52
27/07/2020,22:00,59
27/07/2020,23:00,73
28/07/2020,00:00,77
28/07/2020,01:00,83.3
28/07/2020,02:00,88.2
28/07/2020,03:00,91
28/07/2020,04:00,93.5
28/07/2020,05:00,94.5
28/07/2020,06:00,95
28/07/2020,07:00,96.1
28/07/2020,08:00,96.3
28/07/2020,09:00,97
28/07/2020,10:00,97
28/07/2020,11:00,97
28/07/2020,12:00,97
28/07/2020,13:00,98
28/07/2020,14:00,86
28/07/2020,15:00,65
28/07/2020,16:00,57
28/07/2020,17:00,47
28/07/2020,18:00,41
28/07/2020,19:00,40
28/07/2020,20:00,35
28/07/2020,21:00,39
28/07/2020,22:00,45
28/07/2020,23:00,72
29/07/2020,00:00,81
29/07/2020,01:00,87.4
29/07/2020,02:00,90.6
29/07/2020,03:00,93
29/07/2020,04:00,92.7
29/07/2020,05:00,94.5
29/07/2020,06:00,94
29/07/2020,07:00,94.6
29/07/2020,08:00,95.7
29/07/2020,09:00,95
29/07/2020,10:00,96
29/07/2020,11:00,96
29/07/2020,12:00,97
29/07/2020,13:00,97
29/07/2020,14:00,60
29/07/2020,15:00,48
29/07/2020,16:00,42
29/07/2020,17:00,36
29/07/2020,18:00,26
29/07/2020,19:00,21
29/07/2020,20:00,22
29/07/2020,21:00,25
29/07/2020,22:00,44
29/07/2020,23:00,57
30/07/2020,00:00,57
30/07/2020,01:00,76.4
30/07/2020,02:00,77.2
30/07/2020,03:00,80
30/07/2020,04:00,85.2
30/07/2020,05:00,78.7
30/07/2020,06:00,70
30/07/2020,07:00,85.4
30/07/2020,08:00,88.4
30/07/2020,09:00,91
30/07/2020,10:00,92
30/07/2020,11:00,91
30/07/2020,12:00,83
30/07/2020,13:00,80
30/07/2020,14:00,76
30/07/2020,15:00,66
30/07/2020,16:00,46.1
30/07/2020,17:00,42.2
30/07/2020,18:00,33.8
30/07/2020,19:00,38
30/07/2020,20:00,46
30/07/2020,21:00,46
30/07/2020,22:00,55
30/07/2020,23:00,67
31/07/2020,00:00,70
31/07/2020,01:00,82.1
31/07/2020,02:00,82.9
31/07/2020,03:00,83
31/07/2020,04:00,75.3
31/07/2020,05:00,78.2
31/07/2020,06:00,73
31/07/2020,07:00,84
31/07/2020,08:00,92.2
31/07/2020,09:00,94
31/07/2020,10:00,95
31/07/2020,11:00,96
31/07/2020,12:00,96
31/07/2020,13:00,96
31/07/2020,14:00,74
31/07/2020,15:00,56
31/07/2020,16:00,48
31/07/2020,17:00,46
31/07/2020,18:00,38
31/07/2020,19:00,41
31/07/2020,20:00,42
31/07/2020,21:00,52
31/07/2020,22:00,52
31/07/2020,23:00,64
